"Index","Open","High","Low","Close","Volume"
2054-11-17,5.157,5.1648,5.157,5.1612,7662
2054-11-18,5.1744,5.1834,5.1702,5.1786,20976
2054-11-19,5.1966,5.202,5.1948,5.2002,35256
2054-11-20,5.2008,5.2236,5.2002,5.2218,35826
2054-11-21,5.2188,5.229,5.2182,5.22,22914
2054-11-22,5.2212,5.2308,5.2104,5.2224,28470
2054-11-23,5.2002,5.2092,5.1834,5.196,34392
2054-11-24,5.178,5.1852,5.1642,5.1738,27462
2054-11-25,5.199,5.205,5.1882,5.1918,21492
2054-11-26,5.2008,5.2092,5.1816,5.1876,23568
2054-11-27,5.1714,5.1804,5.1612,5.1678,27780
2054-11-28,5.1804,5.19,5.1678,5.1732,23124
2054-11-29,5.1828,5.1912,5.175,5.1876,15384
2054-11-30,5.199,5.199,5.1876,5.193,10404
2054-12-01,5.1792,5.184,5.172,5.1726,17292
2054-12-02,5.1708,5.175,5.1666,5.1702,18450
2054-12-03,5.172,5.1804,5.1534,5.1588,22752
2054-12-04,5.115,5.13,5.106,5.109,43560
2054-12-05,5.1024,5.1054,5.079,5.0796,42420
2054-12-06,5.1012,5.1066,5.0814,5.088,25692
2054-12-07,5.088,5.106,5.0796,5.0874,30918
2054-12-08,5.0856,5.0952,5.073,5.0874,17058
2054-12-09,5.094,5.0994,5.0856,5.0922,10740
2054-12-10,5.094,5.1012,5.0904,5.0922,10434
2054-12-11,5.0826,5.085,5.049,5.0592,36720
2054-12-12,5.0808,5.0814,5.064,5.0724,19176
2054-12-13,5.076,5.0808,5.0586,5.0628,17772
2054-12-14,5.0598,5.0832,5.0466,5.0766,29940
2054-12-15,5.0892,5.0892,5.0754,5.079,19242
2054-12-16,5.064,5.0664,5.058,5.0592,15942
2054-12-17,5.0616,5.067,5.0574,5.0628,14784
2054-12-18,5.0526,5.0562,5.0406,5.0442,28086
2054-12-19,5.0424,5.0514,5.0388,5.0448,12612
2054-12-20,5.0346,5.0394,5.0286,5.0328,16860
2054-12-21,5.04,5.0508,5.0382,5.0484,13464
2054-12-22,5.0466,5.0634,5.0436,5.0568,27702
2054-12-23,5.0658,5.0682,5.0466,5.049,24702
2054-12-24,5.0412,5.0508,5.0358,5.037,24876
2054-12-25,5.0484,5.055,5.0448,5.049,22362
2054-12-26,5.0748,5.0808,5.0688,5.0796,27336
2054-12-27,5.0772,5.0886,5.0748,5.0826,28098
2054-12-28,5.0724,5.0772,5.0592,5.0652,23250
2054-12-29,5.0634,5.0694,5.0496,5.0508,25926
2054-12-30,5.0346,5.0394,5.0238,5.0316,30000
2054-12-31,5.0352,5.04,5.022,5.0322,22596
2055-01-01,5.031,5.046,5.028,5.0412,28692
2055-01-02,5.055,5.055,5.0298,5.0304,36138
2055-01-03,5.0298,5.0352,5.0268,5.0316,30816
2055-01-04,5.019,5.0214,5.0112,5.0112,11916
2055-01-05,5.0184,5.0286,5.0178,5.0214,19074
2055-01-06,5.0346,5.0346,5.0052,5.0064,15018
2055-01-07,5.0088,5.0142,5.0022,5.0118,17772
2055-01-08,5.001,5.0028,4.995,4.9968,3336
2055-01-09,4.974,4.9902,4.9704,4.9884,23406
2055-01-10,4.992,4.9938,4.9848,4.989,18888
2055-01-11,4.9854,4.989,4.9722,4.9782,18822
2055-01-12,4.974,4.9782,4.9656,4.9752,20058
2055-01-13,5.0028,5.0058,4.9938,4.9986,26106
2055-01-14,5.007,5.0082,4.9992,5.007,17088
2055-01-15,5.0094,5.0244,5.0076,5.0208,32400
2055-01-16,5.0148,5.016,5.0022,5.0064,19488
2055-01-17,5.007,5.0202,5.0064,5.0172,17124
2055-01-18,5.0142,5.0142,5.007,5.0076,9432
2055-01-19,5.0136,5.016,5.0094,5.0142,7968
2055-01-20,5.0058,5.0088,5.001,5.0064,20154
2055-01-21,4.9944,5.0028,4.9938,4.9992,15840
2055-01-22,5.0088,5.0232,5.0058,5.019,28062
2055-01-23,5.0244,5.0256,5.016,5.0184,22080
2055-01-24,5.016,5.028,5.0142,5.0244,17994
2055-01-25,5.0202,5.022,5.016,5.0184,17502
2055-01-26,5.0106,5.0238,5.0106,5.0214,17226
2055-01-27,5.0184,5.0376,5.016,5.0298,16476
2055-01-28,5.025,5.0352,5.025,5.0328,13254
2055-01-29,5.049,5.0676,5.049,5.0652,34776
2055-01-30,5.0616,5.0676,5.049,5.0544,29082
2055-01-31,5.0544,5.0682,5.0544,5.067,19674
2055-02-01,5.0628,5.0664,5.0568,5.0598,19332
2055-02-02,5.049,5.0514,5.0334,5.043,30168
2055-02-03,5.0406,5.046,5.0328,5.0364,18726
2055-02-04,5.046,5.049,5.0394,5.0406,18324
2055-02-05,5.0124,5.016,4.992,4.9926,54360
2055-02-06,4.9986,5.0034,4.9962,4.998,29070
2055-02-07,5.0058,5.0094,5.0028,5.0034,18624
2055-02-08,5.0016,5.0154,4.9956,5.0136,23766
2055-02-09,5.0226,5.034,5.0214,5.0316,32328
2055-02-10,5.0256,5.028,5.0172,5.0238,14088
2055-02-11,5.0226,5.0244,5.0106,5.0142,22020
2055-02-12,5.0076,5.0082,4.9944,5.0022,24006
2055-02-13,4.9998,5.0022,4.9854,4.9896,32214
2055-02-14,4.9812,4.992,4.9734,4.9764,36666
2055-02-15,4.9698,4.9716,4.9572,4.9632,32916
2055-02-16,4.9692,4.9734,4.9536,4.965,34788
2055-02-17,4.9794,4.9818,4.956,4.971,24978
2055-02-18,4.9788,4.98,4.9716,4.9746,25014
2055-02-19,4.953,4.986,4.9518,4.9776,25590
2055-02-20,5.0088,5.0088,4.9926,4.9956,25140
2055-02-21,5.019,5.0202,5.0076,5.0142,19386
2055-02-22,5.01,5.019,4.9908,5.0154,21084
2055-02-23,5.0178,5.0178,5.0022,5.0046,9546
2055-02-24,5.0124,5.0172,5.0094,5.01,11262
2055-02-25,4.9818,4.9896,4.9812,4.9854,24666
2055-02-26,4.9788,4.998,4.9668,4.9704,39942
2055-02-27,4.9818,4.9896,4.9722,4.98,17328
2055-02-28,4.9752,4.986,4.9722,4.9818,9564
2055-03-01,4.9764,4.9848,4.9686,4.9794,15360
2055-03-02,4.98,4.9866,4.9746,4.9818,16254
2055-03-03,4.9926,4.9968,4.9884,4.9932,15162
2055-03-04,5.0088,5.013,5.0052,5.0124,21690
2055-03-05,5.0106,5.031,5.0094,5.0262,35646
2055-03-06,5.0298,5.0298,5.0208,5.0226,45852
2055-03-07,5.025,5.0304,5.0214,5.0304,26928
2055-03-08,5.0226,5.0352,5.0184,5.0316,31710
2055-03-09,5.0226,5.0364,5.0208,5.0316,16662
2055-03-10,5.0322,5.0436,5.0322,5.0382,8754
2055-03-11,5.0364,5.0382,5.0352,5.037,5850
2055-03-12,4.9932,4.9992,4.989,4.9914,26838
2055-03-13,4.9956,4.9986,4.9914,4.992,6108
2055-03-14,4.9908,4.9986,4.9794,4.9842,31974
2055-03-15,4.9854,4.9902,4.9836,4.9878,10740
2055-03-16,4.9914,5.0052,4.9908,5.0034,22032
2055-03-17,5.001,5.001,4.9896,4.995,14730
2055-03-18,4.9866,4.9998,4.9866,4.998,15642
2055-03-19,5.0082,5.0082,5.0028,5.0052,8298
2055-03-20,5.01,5.0172,5.0058,5.01,11064
2055-03-21,5.0106,5.0154,4.9992,5.001,12714
2055-03-22,4.9962,4.9998,4.9842,4.9872,29526
2055-03-23,4.977,4.983,4.9656,4.9704,38268
2055-03-24,4.9764,4.9806,4.9662,4.9704,36336
2055-03-25,4.983,4.9848,4.977,4.9794,12606
2055-03-26,4.995,5.0028,4.9932,5.0022,17874
2055-03-27,5.0196,5.0208,5.0106,5.0178,49608
2055-03-28,5.0076,5.019,5.0058,5.0184,31074
2055-03-29,5.0196,5.0238,5.0064,5.0082,21936
2055-03-30,5.0184,5.019,5.0106,5.0112,14484
2055-03-31,5.0088,5.0166,5.0052,5.0148,16980
2055-04-01,5.0088,5.0178,5.001,5.013,22284
2055-04-02,5.016,5.0262,5.0148,5.0202,19560
2055-04-03,5.0262,5.031,5.0238,5.028,15408
2055-04-04,5.031,5.037,5.0178,5.0232,30486
2055-04-05,5.0148,5.0244,5.0118,5.0202,21048
2055-04-06,5.0274,5.0334,5.0238,5.031,15288
2055-04-07,5.0418,5.043,5.0232,5.0292,19836
2055-04-08,5.0334,5.0346,5.019,5.0202,14664
2055-04-09,5.037,5.0376,5.0298,5.034,11142
2055-04-10,5.037,5.0412,5.0352,5.0406,9606
2055-04-11,5.0442,5.0508,5.0394,5.0496,29658
2055-04-12,5.0556,5.0634,5.0544,5.0616,34410
2055-04-13,5.0622,5.0622,5.0532,5.0598,11580
2055-04-14,5.0586,5.061,5.0544,5.0568,3960
2055-04-15,5.058,5.0586,5.046,5.0514,13110
2055-04-16,5.061,5.0646,5.0532,5.0556,26826
2055-04-17,5.0502,5.0538,5.0418,5.0514,19326
2055-04-18,5.0652,5.0682,5.0592,5.061,31494
2055-04-19,5.0526,5.0532,5.0412,5.0436,35046
2055-04-20,5.0562,5.0568,5.046,5.0508,19758
2055-04-21,5.019,5.0322,5.016,5.0214,44616
2055-04-22,5.0274,5.0322,5.0148,5.0172,37926
2055-04-23,5.0166,5.0316,5.016,5.0286,24006
2055-04-24,5.0196,5.0232,5.0124,5.016,21348
2055-04-25,5.007,5.01,5.001,5.004,29538
2055-04-26,5.001,5.007,4.9992,5.0052,23304
2055-04-27,5.0316,5.0322,5.022,5.025,23700
2055-04-28,5.022,5.0292,5.0184,5.025,12156
2055-04-29,5.0388,5.0436,5.0346,5.043,23178
2055-04-30,5.04,5.0448,5.0388,5.0394,16308
2055-05-01,5.0412,5.0424,5.0292,5.0304,12318
2055-05-02,5.0298,5.0304,5.0094,5.0142,28878
2055-05-03,5.01,5.0136,5.0076,5.0094,7314
2055-05-04,5.0178,5.0232,5.0154,5.0178,8394
2055-05-05,5.016,5.0244,5.0148,5.0208,9150
2055-05-06,5.0136,5.0154,5.0034,5.0082,21342
2055-05-07,5.001,5.0142,4.9992,5.0112,18186
2055-05-08,5.001,5.0124,5.0004,5.0058,16830
2055-05-09,4.986,4.989,4.9638,4.9674,36678
2055-05-10,4.9704,4.9704,4.9188,4.9314,32904
2055-05-11,4.914,4.9272,4.9044,4.9242,24408
2055-05-12,4.896,4.9356,4.8954,4.9356,13140
2055-05-13,4.947,4.956,4.944,4.95,3612
2055-05-14,4.9062,4.9152,4.8984,4.9026,171942
2055-05-15,4.896,4.896,4.872,4.8822,36438
2055-05-16,4.8996,4.92,4.8966,4.9086,25974
2055-05-17,4.9242,4.926,4.902,4.9068,14340
2055-05-18,4.8708,4.8708,4.842,4.8432,40782
2055-05-19,4.8348,4.8564,4.8288,4.8336,28536
2055-05-20,4.833,4.8456,4.8,4.809,40764
2055-05-21,4.7988,4.8276,4.7988,4.806,22098
2055-05-22,4.8054,4.8174,4.8,4.8132,14370
2055-05-23,4.806,4.8072,4.7772,4.782,25932
2055-05-24,4.7196,4.752,4.7196,4.7454,47832
2055-05-25,4.743,4.7712,4.737,4.7706,27024
2055-05-26,4.7778,4.7874,4.764,4.773,21960
2055-05-27,4.749,4.7544,4.7208,4.7454,23178
2055-05-28,4.7676,4.7814,4.761,4.7688,14868
2055-05-29,4.752,4.7742,4.7478,4.7724,9378
2055-05-30,4.7904,4.7928,4.7628,4.776,15630
2055-05-31,4.7718,4.7814,4.7454,4.7556,12498
2055-06-01,4.7694,4.7742,4.7586,4.7658,13200
2055-06-02,4.7922,4.7922,4.7778,4.7868,8922
2055-06-03,4.794,4.7976,4.776,4.7844,20448
2055-06-04,4.8024,4.8042,4.7592,4.7754,26730
2055-06-05,4.773,4.7778,4.758,4.7712,12054
2055-06-06,4.767,4.791,4.767,4.7898,14550
2055-06-07,4.7886,4.7892,4.776,4.7892,16110
2055-06-08,4.7862,4.8288,4.785,4.8216,40626
2055-06-09,4.8126,4.8222,4.8036,4.8108,29478
2055-06-10,4.7958,4.8006,4.788,4.7982,10824
2055-06-11,4.7814,4.788,4.773,4.7838,12420
2055-06-12,4.7538,4.7844,4.7514,4.782,25272
2055-06-13,4.7988,4.8396,4.7952,4.836,64638
2055-06-14,4.836,4.8378,4.8144,4.8252,24498
2055-06-15,4.8108,4.8204,4.806,4.8174,13062
2055-06-16,4.809,4.8288,4.8066,4.827,15294
2055-06-17,4.8102,4.821,4.8096,4.8102,18462
2055-06-18,4.821,4.8258,4.8024,4.806,19500
2055-06-19,4.8036,4.8072,4.7874,4.7904,23142
2055-06-20,4.7862,4.7922,4.7796,4.7814,22584
2055-06-21,4.7874,4.7898,4.7628,4.7658,29430
2055-06-22,4.7514,4.761,4.7316,4.7592,34026
2055-06-23,4.728,4.7418,4.728,4.7316,37506
2055-06-24,4.722,4.725,4.7172,4.7184,18612
2055-06-25,4.7388,4.7436,4.7304,4.7406,23820
2055-06-26,4.7484,4.7508,4.728,4.7316,21024
2055-06-27,4.7136,4.7166,4.7034,4.7058,36582
2055-06-28,4.6902,4.6968,4.6806,4.6944,30678
2055-06-29,4.686,4.6932,4.6794,4.6866,19116
2055-06-30,4.6902,4.7064,4.6818,4.6992,20358
2055-07-01,4.6794,4.6848,4.6596,4.6638,32370
2055-07-02,4.647,4.6566,4.641,4.6488,21384
2055-07-03,4.6236,4.65,4.6218,4.644,24114
2055-07-04,4.6692,4.6746,4.6572,4.659,26826
2055-07-05,4.6542,4.6572,4.65,4.6524,10308
2055-07-06,4.6482,4.6686,4.6446,4.665,18522
2055-07-07,4.6632,4.6812,4.6596,4.674,25422
2055-07-08,4.695,4.7022,4.6818,4.6998,23616
2055-07-09,4.6992,4.7034,4.6824,4.6872,28152
2055-07-10,4.6914,4.7112,4.6914,4.7112,48498
2055-07-11,4.7178,4.7178,4.698,4.7112,17730
2055-07-12,4.704,4.716,4.6992,4.713,24498
2055-07-13,4.7184,4.7202,4.7088,4.7106,16650
2055-07-14,4.7094,4.713,4.6998,4.7106,27114
2055-07-15,4.719,4.719,4.71,4.7106,11430
2055-07-16,4.6518,4.6554,4.6398,4.644,10692
2055-07-17,4.6398,4.6584,4.6386,4.653,18678
2055-07-18,4.656,4.671,4.6548,4.6674,16338
2055-07-19,4.6686,4.6716,4.6584,4.662,7194
2055-07-20,4.6794,4.7052,4.6728,4.7028,62274
2055-07-21,4.7136,4.7262,4.7088,4.7154,37332
2055-07-22,4.722,4.731,4.7166,4.7268,18180
2055-07-23,4.7316,4.7346,4.7196,4.7214,6288
2055-07-24,4.7202,4.746,4.7088,4.7154,10242
2055-07-25,4.7082,4.7124,4.698,4.7028,14322
2055-07-26,4.6962,4.6986,4.689,4.6938,7560
2055-07-27,4.6932,4.695,4.6848,4.689,6792
2055-07-28,4.6764,4.677,4.6476,4.6482,31494
2055-07-29,4.656,4.6692,4.6518,4.6656,24720
2055-07-30,4.6686,4.6764,4.65,4.6578,21150
2055-07-31,4.6638,4.6698,4.6542,4.656,10608
2055-08-01,4.6458,4.653,4.6374,4.647,27438
2055-08-02,4.683,4.683,4.6662,4.6668,21144
2055-08-03,4.674,4.6776,4.6608,4.6674,17532
2055-08-04,4.6536,4.6614,4.6464,4.656,9792
2055-08-05,4.662,4.6728,4.659,4.6644,10872
2055-08-06,4.6512,4.656,4.6452,4.6554,15342
2055-08-07,4.6686,4.6806,4.6668,4.6794,16386
2055-08-08,4.6716,4.677,4.6668,4.6686,17550
2055-08-09,4.6734,4.6746,4.6542,4.6632,20166
2055-08-10,4.6458,4.6512,4.6332,4.6434,25692
2055-08-11,4.6398,4.6584,4.6392,4.656,18294
2055-08-12,4.6746,4.677,4.6668,4.6722,25416
2055-08-13,4.7052,4.7178,4.6944,4.6956,38766
2055-08-14,4.701,4.7118,4.6968,4.7112,21276
2055-08-15,4.7172,4.7184,4.698,4.7046,22290
2055-08-16,4.7118,4.7166,4.6986,4.716,17376
2055-08-17,4.7082,4.7358,4.707,4.7328,53448
2055-08-18,4.7304,4.7436,4.7262,4.7268,32442
2055-08-19,4.7232,4.7304,4.7124,4.7178,17586
2055-08-20,4.7214,4.7382,4.7196,4.7346,22920
2055-08-21,4.749,4.7526,4.7346,4.7502,35292
2055-08-22,4.7328,4.7376,4.7298,4.7364,23712
2055-08-23,4.7226,4.725,4.7148,4.7214,33984
2055-08-24,4.7256,4.7364,4.7214,4.7322,25854
2055-08-25,4.7358,4.773,4.734,4.77,52662
2055-08-26,4.7748,4.776,4.7646,4.77,20430
2055-08-27,4.7814,4.7826,4.7568,4.7598,20436
2055-08-28,4.74,4.7496,4.7358,4.7382,26166
2055-08-29,4.746,4.758,4.743,4.7514,12234
2055-08-30,4.767,4.7718,4.7556,4.7592,16440
2055-08-31,4.7454,4.7544,4.743,4.7514,10728
2055-09-01,4.7652,4.782,4.7604,4.7814,16170
2055-09-02,4.755,4.767,4.7382,4.7586,26520
2055-09-03,4.7646,4.7886,4.7616,4.7838,33906
2055-09-04,4.7916,4.8012,4.7886,4.8,23256
2055-09-05,4.7832,4.8096,4.7808,4.8042,23010
2055-09-06,4.797,4.8114,4.7952,4.806,18546
2055-09-07,4.815,4.83,4.806,4.8228,25842
2055-09-08,4.8288,4.8336,4.815,4.821,20922
2055-09-09,4.8294,4.836,4.8018,4.8102,35676
2055-09-10,4.812,4.8264,4.8114,4.8258,31002
2055-09-11,4.8132,4.8174,4.8078,4.8132,40572
2055-09-12,4.8072,4.8198,4.8042,4.8174,29190
2055-09-13,4.8114,4.821,4.8084,4.812,15186
2055-09-14,4.83,4.8324,4.8198,4.8204,13188
2055-09-15,4.818,4.818,4.8108,4.8126,4410
2055-09-16,4.7784,4.779,4.7664,4.773,22116
2055-09-17,4.764,4.7742,4.7622,4.7718,26454
2055-09-18,4.773,4.7916,4.7724,4.7868,30726
2055-09-19,4.8048,4.8048,4.7862,4.7886,24858
2055-09-20,4.8,4.8036,4.7868,4.7886,15132
2055-09-21,4.7928,4.7934,4.7814,4.7862,10284
2055-09-22,4.7964,4.8102,4.7934,4.8084,32964
2055-09-23,4.8006,4.8048,4.797,4.7988,19722
2055-09-24,4.8018,4.8036,4.797,4.8018,8166
2055-09-25,4.7958,4.8006,4.7898,4.797,14418
2055-09-26,4.7796,4.782,4.767,4.7742,55506
2055-09-27,4.7574,4.7592,4.7424,4.7478,48648
2055-09-28,4.7466,4.749,4.734,4.7412,28710
2055-09-29,4.7526,4.7544,4.7232,4.7256,31794
2055-09-30,4.734,4.7376,4.725,4.7322,16740
2055-10-01,4.7418,4.7508,4.7352,4.749,16086
2055-10-02,4.7382,4.7424,4.734,4.7376,10236
2055-10-03,4.7508,4.7628,4.7502,4.7532,22224
2055-10-04,4.7424,4.7502,4.7376,4.7418,17202
2055-10-05,4.746,4.749,4.7376,4.7412,9102
2055-10-06,4.7274,4.7364,4.7268,4.7346,12972
2055-10-07,4.7424,4.752,4.7418,4.7496,13308
2055-10-08,4.7532,4.7574,4.7484,4.749,7734
2055-10-09,4.7676,4.7694,4.7622,4.7682,20400
2055-10-10,4.767,4.7676,4.7568,4.764,15030
2055-10-11,4.7634,4.7634,4.752,4.7544,13014
2055-10-12,4.7484,4.7502,4.7346,4.7364,14400
2055-10-13,4.737,4.749,4.7358,4.7436,20448
2055-10-14,4.7598,4.761,4.7526,4.7604,18732
2055-10-15,4.7274,4.7316,4.704,4.7052,60012
2055-10-16,4.683,4.7076,4.683,4.7052,57612
2055-10-17,4.71,4.7166,4.698,4.701,14148
2055-10-18,4.7082,4.7166,4.7016,4.7118,18660
2055-10-19,4.7148,4.725,4.713,4.722,11616
2055-10-20,4.7034,4.713,4.7022,4.7082,10404
2055-10-21,4.6938,4.7004,4.6896,4.6992,13962
2055-10-22,4.7118,4.7202,4.7064,4.7166,15906
2055-10-23,4.7034,4.7202,4.6962,4.7178,20094
2055-10-24,4.7256,4.7298,4.7172,4.7184,19158
2055-10-25,4.7082,4.71,4.695,4.7028,21018
2055-10-26,4.692,4.7046,4.6908,4.6974,18930
2055-10-27,4.7052,4.7154,4.7022,4.7094,22080
2055-10-28,4.7154,4.7178,4.698,4.7028,12660
2055-10-29,4.6938,4.6998,4.6908,4.6944,25464
2055-10-30,4.7028,4.731,4.701,4.7256,82284
2055-10-31,4.7376,4.74,4.725,4.7388,34098
2055-11-01,4.7298,4.7352,4.722,4.7322,28356
2055-11-02,4.7364,4.7412,4.7304,4.737,11070
2055-11-03,4.7424,4.761,4.74,4.7562,58278
2055-11-04,4.7532,4.7628,4.7496,4.7598,28914
2055-11-05,4.7538,4.7538,4.74,4.7478,29256
2055-11-06,4.7394,4.7502,4.7382,4.7442,18456
2055-11-07,4.7202,4.7286,4.71,4.7112,54150
2055-11-08,4.7148,4.716,4.7064,4.7136,33906
2055-11-09,4.7208,4.725,4.7148,4.7166,23418
2055-11-10,4.7094,4.7112,4.7028,4.7076,17712
2055-11-11,4.692,4.6968,4.683,4.686,45456
2055-11-12,4.6986,4.6986,4.677,4.68,38088
2055-11-13,4.671,4.6782,4.6644,4.674,34104
2055-11-14,4.6728,4.6908,4.671,4.6788,15228
2055-11-15,4.695,4.6968,4.6872,4.6932,11028
2055-11-16,4.686,4.6932,4.6848,4.6926,13854
2055-11-17,4.683,4.6848,4.6776,4.6794,12396
2055-11-18,4.6656,4.6764,4.665,4.671,9282
2055-11-19,4.674,4.6764,4.665,4.6752,15792
2055-11-20,4.6818,4.689,4.6794,4.6848,21210
2055-11-21,4.6908,4.6956,4.6872,4.6944,32382
2055-11-22,4.6932,4.7004,4.692,4.6986,30132
2055-11-23,4.6908,4.6914,4.6758,4.6806,30024
2055-11-24,4.6716,4.6776,4.6698,4.671,14022
2055-11-25,4.6614,4.6668,4.6596,4.6602,13728
2055-11-26,4.6608,4.6692,4.659,4.6674,12186
2055-11-27,4.6566,4.6704,4.6536,4.668,14664
2055-11-28,4.671,4.677,4.6686,4.6686,12894
2055-11-29,4.6728,4.6752,4.6638,4.6674,14202
2055-11-30,4.6614,4.6626,4.6392,4.641,40878
2055-12-01,4.6428,4.6494,4.641,4.6446,24498
2055-12-02,4.6476,4.6644,4.647,4.6632,20388
2055-12-03,4.668,4.6704,4.6578,4.6602,22746
2055-12-04,4.6578,4.683,4.6578,4.6746,56478
2055-12-05,4.6776,4.6914,4.6758,4.6824,42318
2055-12-06,4.6896,4.6914,4.6788,4.683,17526
2055-12-07,4.6848,4.6872,4.6722,4.6734,14742
2055-12-08,4.665,4.6704,4.6638,4.6662,16032
2055-12-09,4.671,4.6758,4.6692,4.6722,11904
2055-12-10,4.662,4.6896,4.662,4.6878,32046
2055-12-11,4.6854,4.6896,4.6836,4.6848,16314
2055-12-12,4.6776,4.6878,4.6776,4.683,17928
2055-12-13,4.6962,4.698,4.6872,4.6878,28332
2055-12-14,4.6878,4.6908,4.677,4.6824,15840
2055-12-15,4.677,4.6854,4.6764,4.6824,6942
2055-12-16,4.6806,4.6824,4.677,4.6812,9456
2055-12-17,4.6716,4.6716,4.665,4.6662,46134
2055-12-18,4.6668,4.674,4.6656,4.6668,11646
2055-12-19,4.6614,4.6638,4.65,4.6572,56094
2055-12-20,4.665,4.671,4.6614,4.662,27054
2055-12-21,4.665,4.668,4.635,4.641,64638
2055-12-22,4.6416,4.6494,4.6392,4.6458,25482
2055-12-23,4.6554,4.665,4.65,4.6542,30204
2055-12-24,4.647,4.6512,4.632,4.6368,27756
2055-12-25,4.6386,4.6518,4.6332,4.6416,25350
2055-12-26,4.6416,4.6458,4.6368,4.6398,13170
2055-12-27,4.6428,4.6446,4.6344,4.6362,20064
2055-12-28,4.62,4.62,4.59,4.5948,67338
2055-12-29,4.5708,4.5822,4.5606,4.5636,44088
2055-12-30,4.5708,4.578,4.551,4.5558,37956
2055-12-31,4.563,4.5732,4.5534,4.5552,23070
2056-01-01,4.5624,4.563,4.5552,4.56,20094
2056-01-02,4.5378,4.5444,4.533,4.536,29466
2056-01-03,4.5378,4.5672,4.533,4.5648,37902
2056-01-04,4.557,4.5582,4.5342,4.548,22176
2056-01-05,4.533,4.548,4.53,4.5408,14880
2056-01-06,4.5486,4.551,4.5396,4.5504,9612
2056-01-07,4.5558,4.5726,4.5546,4.5714,26112
2056-01-08,4.5672,4.569,4.5468,4.5534,26712
2056-01-09,4.5414,4.5486,4.5324,4.5474,26316
2056-01-10,4.5468,4.5486,4.5354,4.5378,9480
2056-01-11,4.5336,4.5486,4.5312,4.5438,32508
2056-01-12,4.5246,4.5276,4.5162,4.5252,26754
2056-01-13,4.5288,4.53,4.5108,4.5198,28680
2056-01-14,4.53,4.5504,4.5234,4.5408,59202
2056-01-15,4.5462,4.5612,4.542,4.5498,105324
2056-01-16,4.5594,4.572,4.554,4.5606,43800
2056-01-17,4.5654,4.5732,4.5594,4.5666,35538
2056-01-18,4.5588,4.5624,4.5558,4.5606,5688
2056-01-19,4.5198,4.5252,4.5156,4.518,21126
2056-01-20,4.5288,4.5678,4.5282,4.5576,73224
2056-01-21,4.5678,4.572,4.5456,4.5498,28740
2056-01-22,4.5516,4.5594,4.548,4.551,13338
2056-01-23,4.5396,4.5462,4.5162,4.5228,29976
2056-01-24,4.5192,4.5384,4.5162,4.5318,27894
2056-01-25,4.5288,4.539,4.5264,4.5312,11538
2056-01-26,4.5228,4.527,4.512,4.5204,36414
2056-01-27,4.5324,4.536,4.5288,4.5318,18630
2056-01-28,4.5216,4.5288,4.506,4.5084,28140
2056-01-29,4.5192,4.524,4.515,4.5192,16200
2056-01-30,4.518,4.5186,4.491,4.4988,53214
2056-01-31,4.4904,4.4928,4.47,4.485,52248
2056-02-01,4.482,4.497,4.4652,4.4706,36480
2056-02-02,4.473,4.4778,4.455,4.4556,28290
2056-02-03,4.4718,4.4724,4.4616,4.4676,23742
2056-02-04,4.4718,4.488,4.4694,4.485,6
2056-02-05,4.4874,4.4922,4.4766,4.4802,21024
2056-02-06,4.4886,4.5018,4.485,4.4958,26358
2056-02-07,4.4994,4.5084,4.4952,4.4988,13860
2056-02-08,4.4862,4.5036,4.4844,4.503,14418
2056-02-09,4.512,4.5126,4.5012,4.503,21408
2056-02-10,4.5162,4.5216,4.509,4.5168,30930
2056-02-11,4.5228,4.5246,4.491,4.4982,35010
2056-02-12,4.4964,4.5204,4.4946,4.518,39030
2056-02-13,4.524,4.5252,4.515,4.5186,28518
2056-02-14,4.5174,4.5498,4.5144,4.5444,89514
2056-02-15,4.5498,4.5756,4.539,4.5732,92820
2056-02-16,4.59,4.6128,4.5864,4.6002,131292
2056-02-17,4.5834,4.584,4.5606,4.5672,45342
2056-02-18,4.5408,4.5546,4.5156,4.5516,73938
2056-02-19,4.5402,4.5552,4.5306,4.5456,17502
2056-02-20,4.5378,4.5408,4.5216,4.5252,30096
2056-02-21,4.5336,4.5462,4.5324,4.5354,20844
2056-02-22,4.5546,4.5732,4.545,4.5726,47844
2056-02-23,4.581,4.5984,4.5732,4.5852,60702
2056-02-24,4.5792,4.5828,4.575,4.578,12642
2056-02-25,4.581,4.5984,4.578,4.5954,31524
2056-02-26,4.6386,4.6434,4.626,4.6404,78324
2056-02-27,4.623,4.6356,4.62,4.6248,24126
2056-02-28,4.6152,4.617,4.5768,4.5882,40686
2056-02-29,4.5846,4.593,4.572,4.5846,29586
2056-03-01,4.5576,4.5696,4.5492,4.5528,38124
2056-03-02,4.5648,4.572,4.5462,4.5642,22254
2056-03-03,4.5468,4.5498,4.521,4.5426,73572
2056-03-04,4.554,4.569,4.536,4.5654,35070
2056-03-05,4.5612,4.566,4.548,4.557,18546
2056-03-06,4.5534,4.5564,4.5252,4.5306,45576
2056-03-07,4.5306,4.533,4.5102,4.5174,34668
2056-03-08,4.515,4.5162,4.5048,4.509,26946
2056-03-09,4.5234,4.5264,4.515,4.5234,15246
2056-03-10,4.506,4.5174,4.5006,4.5156,27708
2056-03-11,4.5006,4.5054,4.4862,4.491,37452
2056-03-12,4.4808,4.4946,4.4802,4.4934,27870
2056-03-13,4.4814,4.5048,4.4808,4.4994,21342
2056-03-14,4.4892,4.5126,4.4862,4.5036,37392
2056-03-15,4.5174,4.524,4.5102,4.5162,22314
2056-03-16,4.5168,4.542,4.515,4.539,68250
2056-03-17,4.5354,4.5396,4.5288,4.5336,16398
2056-03-18,4.5306,4.5444,4.53,4.533,20250
2056-03-19,4.542,4.542,4.5138,4.5144,18594
2056-03-20,4.5156,4.5174,4.503,4.5126,16716
2056-03-21,4.5144,4.5162,4.5108,4.5114,5796
2056-03-22,4.5066,4.5078,4.485,4.4922,28668
2056-03-23,4.4826,4.4982,4.4826,4.491,14802
2056-03-24,4.4934,4.5024,4.491,4.4916,14220
2056-03-25,4.4892,4.4892,4.4658,4.467,45960
2056-03-26,4.4634,4.4718,4.4478,4.458,35244
2056-03-27,4.461,4.4622,4.4532,4.455,17118
2056-03-28,4.452,4.4928,4.4406,4.488,50526
2056-03-29,4.512,4.5354,4.5066,4.5192,73632
2056-03-30,4.5114,4.5204,4.5078,4.518,12486
2056-03-31,4.512,4.512,4.5012,4.5018,5706
2056-04-01,4.4922,4.4994,4.491,4.494,12024
2056-04-02,4.4874,4.518,4.4862,4.5114,29022
2056-04-03,4.5306,4.569,4.5306,4.566,61752
2056-04-04,4.5588,4.56,4.5462,4.5504,30504
2056-04-05,4.5564,4.5732,4.5372,4.5408,39420
2056-04-06,4.5468,4.5498,4.53,4.5372,23004
2056-04-07,4.5426,4.548,4.5246,4.5432,21480
2056-04-08,4.5564,4.5618,4.5474,4.5492,23634
2056-04-09,4.536,4.5396,4.53,4.533,17778
2056-04-10,4.5492,4.5528,4.53,4.5324,23622
2056-04-11,4.5294,4.5402,4.5264,4.5342,16410
2056-04-12,4.5498,4.5528,4.5138,4.524,51474
2056-04-13,4.5402,4.5438,4.5372,4.5426,18588
2056-04-14,4.5642,4.5696,4.554,4.5618,45426
2056-04-15,4.578,4.5822,4.5684,4.5774,40692
2056-04-16,4.5798,4.5804,4.5678,4.5744,29388
2056-04-17,4.5636,4.5756,4.563,4.5726,27516
2056-04-18,4.5726,4.5798,4.5696,4.5702,16434
2056-04-19,4.5762,4.5768,4.563,4.5666,26742
2056-04-20,4.5624,4.5678,4.5558,4.5648,22680
2056-04-21,4.5744,4.581,4.56,4.5624,24870
2056-04-22,4.5432,4.545,4.5198,4.5276,64554
2056-04-23,4.5306,4.533,4.5012,4.5054,43800
2056-04-24,4.509,4.515,4.4964,4.5078,36102
2056-04-25,4.5048,4.5222,4.5048,4.5156,24144
2056-04-26,4.524,4.524,4.5072,4.512,27108
2056-04-27,4.5114,4.5174,4.4592,4.4724,88014
2056-04-28,4.4748,4.4784,4.461,4.4628,55884
2056-04-29,4.4694,4.4712,4.4556,4.4676,33882
2056-04-30,4.4742,4.479,4.4598,4.4646,28140
2056-05-01,4.47,4.4754,4.4664,4.4718,14394
2056-05-02,4.464,4.4694,4.461,4.4634,15000
2056-05-03,4.4514,4.4526,4.4226,4.434,57042
2056-05-04,4.434,4.4358,4.4262,4.4298,29034
2056-05-05,4.44,4.4436,4.4334,4.4412,21456
2056-05-06,4.4718,4.4922,4.4652,4.4844,49152
2056-05-07,4.482,4.4862,4.4712,4.473,23898
2056-05-08,4.4652,4.4868,4.4646,4.482,32220
2056-05-09,4.488,4.488,4.4712,4.4754,30798
2056-05-10,4.4514,4.4646,4.4502,4.4532,22416
2056-05-11,4.4538,4.4544,4.4364,4.44,45552
2056-05-12,4.446,4.4484,4.4316,4.437,37878
2056-05-13,4.4484,4.4532,4.4286,4.4406,45528
2056-05-14,4.4316,4.4454,4.4178,4.4346,46002
2056-05-15,4.4232,4.4352,4.422,4.434,23910
2056-05-16,4.4232,4.4304,4.407,4.419,27990
2056-05-17,4.4196,4.4292,4.4148,4.4262,60594
2056-05-18,4.425,4.4286,4.4196,4.4286,43206
2056-05-19,4.4292,4.44,4.4292,4.4352,36318
2056-05-20,4.4148,4.4268,4.4148,4.4232,37968
2056-05-21,4.425,4.4256,4.404,4.407,26772
2056-05-22,4.4076,4.4094,4.4028,4.407,6774
2056-05-23,4.398,4.4046,4.3908,4.3974,246522
2056-05-24,4.398,4.4064,4.3932,4.3962,20748
2056-05-25,4.3938,4.3968,4.3776,4.3794,34572
2056-05-26,4.3788,4.3854,4.374,4.3752,24252
2056-05-27,4.38,4.3974,4.38,4.3878,30876
2056-05-28,4.3986,4.3998,4.3878,4.3902,22164
2056-05-29,4.356,4.3668,4.3518,4.3602,44976
2056-05-30,4.3476,4.3548,4.3428,4.3494,44220
2056-05-31,4.3584,4.3608,4.3512,4.353,14652
2056-06-01,4.347,4.3506,4.3416,4.3488,22620
2056-06-02,4.3374,4.341,4.3302,4.338,39822
2056-06-03,4.3182,4.3248,4.3182,4.3206,45708
2056-06-04,4.2906,4.2924,4.2678,4.281,50040
2056-06-05,4.2846,4.3308,4.2846,4.3272,64050
2056-06-06,4.329,4.341,4.3098,4.3134,42876
2056-06-07,4.32,4.3266,4.3092,4.3248,15654
2056-06-08,4.3374,4.3416,4.32,4.323,26700
2056-06-09,4.3068,4.3122,4.3026,4.3086,33306
2056-06-10,4.3248,4.3494,4.3212,4.3386,38442
2056-06-11,4.3488,4.3584,4.3422,4.3554,46632
2056-06-12,4.3452,4.3482,4.329,4.3356,24768
2056-06-13,4.3248,4.3248,4.3122,4.3194,18270
2056-06-14,4.3224,4.326,4.3056,4.3068,28572
2056-06-15,4.2996,4.32,4.2978,4.3188,30228
2056-06-16,4.314,4.3308,4.3122,4.3278,36666
2056-06-17,4.3332,4.3356,4.317,4.3326,26760
2056-06-18,4.3458,4.35,4.3362,4.3446,26232
2056-06-19,4.3326,4.3542,4.326,4.3524,25248
2056-06-20,4.3476,4.368,4.3422,4.3602,47580
2056-06-21,4.3428,4.3476,4.3284,4.3296,38448
2056-06-22,4.3248,4.3386,4.3218,4.3296,19938
2056-06-23,4.3344,4.3374,4.3272,4.3314,13230
2056-06-24,4.3314,4.3326,4.314,4.32,32502
2056-06-25,4.32,4.3308,4.311,4.3164,34722
2056-06-26,4.32,4.344,4.3104,4.3314,29076
2056-06-27,4.3368,4.338,4.3224,4.3314,24438
2056-06-28,4.3452,4.3464,4.3308,4.3356,27582
2056-06-29,4.3476,4.3566,4.344,4.353,27462
2056-06-30,4.3512,4.3542,4.3452,4.3488,14928
2056-07-01,4.3368,4.344,4.326,4.3386,25626
2056-07-02,4.3506,4.3548,4.344,4.3536,11190
2056-07-03,4.3632,4.3662,4.356,4.3584,27126
2056-07-04,4.3476,4.356,4.344,4.3536,13362
2056-07-05,4.3512,4.3614,4.3476,4.359,28626
2056-07-06,4.365,4.368,4.344,4.3458,30210
2056-07-07,4.347,4.356,4.3422,4.3554,25356
2056-07-08,4.3518,4.3548,4.3422,4.3512,18894
2056-07-09,4.341,4.3422,4.3302,4.3332,27498
2056-07-10,4.3332,4.335,4.3212,4.3266,30744
2056-07-11,4.3272,4.3296,4.3188,4.3218,19884
2056-07-12,4.3272,4.3404,4.3212,4.335,33372
2056-07-13,4.329,4.3302,4.32,4.3266,16512
2056-07-14,4.3302,4.3326,4.3248,4.3266,30072
2056-07-15,4.3338,4.3596,4.329,4.3536,71172
2056-07-16,4.3578,4.374,4.356,4.3698,91944
2056-07-17,4.3764,4.3812,4.3632,4.371,37044
2056-07-18,4.3644,4.3728,4.3596,4.3608,33780
2056-07-19,4.3644,4.3692,4.3614,4.3638,23388
2056-07-20,4.3668,4.374,4.3632,4.3644,42054
2056-07-21,4.344,4.3452,4.3404,4.3428,21834
2056-07-22,4.314,4.3176,4.3038,4.3152,77496
2056-07-23,4.314,4.3152,4.287,4.293,108366
2056-07-24,4.2762,4.2978,4.2714,4.296,78558
2056-07-25,4.3068,4.3086,4.281,4.2858,44076
2056-07-26,4.2726,4.2936,4.2648,4.287,49158
2056-07-27,4.3008,4.3056,4.2846,4.2942,44616
2056-07-28,4.308,4.317,4.3002,4.3122,22824
2056-07-29,4.3152,4.3164,4.3056,4.3116,17664
2056-07-30,4.2972,4.3062,4.2882,4.296,20622
2056-07-31,4.293,4.3104,4.2912,4.3092,23598
2056-08-01,4.3098,4.314,4.3002,4.3098,20514
2056-08-02,4.323,4.3296,4.317,4.323,43626
2056-08-03,4.3278,4.3386,4.317,4.3212,51864
2056-08-04,4.3344,4.338,4.3236,4.3278,16518
2056-08-05,4.3122,4.314,4.3002,4.3122,21282
2056-08-06,4.314,4.3236,4.308,4.3182,17082
2056-08-07,4.305,4.3146,4.3038,4.3086,15828
2056-08-08,4.3116,4.314,4.296,4.3062,41736
2056-08-09,4.2996,4.3158,4.2996,4.3146,24174
2056-08-10,4.3278,4.3344,4.3176,4.323,33984
2056-08-11,4.3338,4.3434,4.3308,4.3362,45804
2056-08-12,4.3302,4.338,4.3278,4.3368,20340
2056-08-13,4.3362,4.3506,4.3362,4.3428,47154
2056-08-14,4.347,4.3494,4.3434,4.3482,32628
2056-08-15,4.326,4.3482,4.3242,4.3446,37002
2056-08-16,4.329,4.3536,4.326,4.3476,43686
2056-08-17,4.3524,4.3524,4.3416,4.3482,21450
2056-08-18,4.3344,4.3482,4.3332,4.3452,18114
2056-08-19,4.3404,4.344,4.3374,4.3428,16302
2056-08-20,4.3308,4.3476,4.3278,4.3398,20514
2056-08-21,4.3362,4.344,4.3344,4.3434,15186
2056-08-22,4.332,4.3392,4.3098,4.3206,90402
2056-08-23,4.3206,4.3218,4.3092,4.3122,40812
2056-08-24,4.3164,4.3194,4.308,4.3128,40566
2056-08-25,4.3128,4.3212,4.3116,4.3182,16452
2056-08-26,4.3248,4.3248,4.3188,4.3212,30684
2056-08-27,4.3278,4.3284,4.314,4.3218,19758
2056-08-28,4.3356,4.3548,4.3344,4.353,119820
2056-08-29,4.353,4.3734,4.3482,4.3704,96906
2056-08-30,4.3656,4.3674,4.3542,4.3602,44748
2056-08-31,4.3518,4.3548,4.3344,4.3386,46830
2056-09-01,4.3332,4.3464,4.3326,4.3386,30078
2056-09-02,4.3404,4.347,4.3404,4.3428,15690
2056-09-03,4.3404,4.3548,4.3392,4.3524,29574
2056-09-04,4.3656,4.3656,4.3524,4.3566,40578
2056-09-05,4.3506,4.353,4.3452,4.3488,19392
2056-09-06,4.3626,4.3644,4.353,4.3566,21588
2056-09-07,4.3644,4.3668,4.3566,4.3614,22806
2056-09-08,4.353,4.3602,4.3494,4.3572,19104
2056-09-09,4.3614,4.3776,4.3596,4.3698,65190
2056-09-10,4.3584,4.3746,4.3578,4.3704,32976
2056-09-11,4.3794,4.3866,4.3746,4.38,42246
2056-09-12,4.3734,4.3884,4.3722,4.3824,38874
2056-09-13,4.3884,4.3902,4.3764,4.3806,27792
2056-09-14,4.3758,4.389,4.3662,4.3884,66234
2056-09-15,4.392,4.3944,4.3806,4.3872,21852
2056-09-16,4.395,4.3968,4.386,4.3896,21408
2056-09-17,4.3848,4.3866,4.3818,4.386,46560
2056-09-18,4.383,4.3872,4.383,4.386,38046
2056-09-19,4.3848,4.386,4.3722,4.3782,50532
2056-09-20,4.377,4.389,4.3758,4.3848,92130
2056-09-21,4.395,4.3962,4.3854,4.3872,54906
2056-09-22,4.4322,4.4466,4.4232,4.443,28308
2056-09-23,4.4364,4.4424,4.431,4.4364,25932
2056-09-24,4.4352,4.4352,4.425,4.4346,18702
2056-09-25,4.446,4.4466,4.437,4.4442,12450
2056-09-26,4.4358,4.4418,4.4358,4.4406,4830
2056-09-27,4.455,4.4748,4.4526,4.47,60666
2056-09-28,4.4652,4.4682,4.464,4.4664,9606
2056-09-29,4.4616,4.464,4.458,4.4622,9780
2056-09-30,4.4658,4.4682,4.446,4.4478,37056
2056-10-01,4.4448,4.4568,4.4436,4.455,21684
2056-10-02,4.4706,4.4778,4.4652,4.4706,25854
2056-10-03,4.4688,4.4724,4.4616,4.4664,8664
2056-10-04,4.4718,4.4796,4.4658,4.4694,19776
2056-10-05,4.4568,4.4664,4.4568,4.4652,20886
2056-10-06,4.4676,4.4682,4.4592,4.4658,14880
2056-10-07,4.4586,4.461,4.4412,4.4574,29988
2056-10-08,4.4514,4.4592,4.4442,4.4526,22074
2056-10-09,4.4472,4.458,4.446,4.4514,17160
2056-10-10,4.4556,4.458,4.4538,4.4568,7428
2056-10-11,4.4694,4.4712,4.4628,4.464,17460
2056-10-12,4.4592,4.4598,4.4496,4.4556,37242
2056-10-13,4.4496,4.4568,4.434,4.44,77064
2056-10-14,4.44,4.4412,4.4268,4.4292,96792
2056-10-15,4.422,4.4292,4.4136,4.4262,52242
2056-10-16,4.4322,4.4328,4.4256,4.4316,17820
2056-10-17,4.4298,4.434,4.4238,4.431,20460
2056-10-18,4.4316,4.4322,4.4202,4.4214,11544
2056-10-19,4.419,4.4442,4.4172,4.443,38304
2056-10-20,4.437,4.4412,4.4334,4.4406,16566
2056-10-21,4.4328,4.4508,4.4316,4.4484,50490
2056-10-22,4.449,4.4568,4.4484,4.4496,23004
2056-10-23,4.4502,4.4526,4.4442,4.4484,12066
2056-10-24,4.4424,4.4502,4.4388,4.4418,15936
2056-10-25,4.4382,4.4382,4.4316,4.4352,18594
2056-10-26,4.4358,4.4364,4.4214,4.4232,42930
2056-10-27,4.4256,4.434,4.422,4.4256,30606
2056-10-28,4.4166,4.4238,4.4112,4.4172,35094
2056-10-29,4.413,4.425,4.41,4.4202,26436
2056-10-30,4.4208,4.431,4.4202,4.422,21636
2056-10-31,4.4184,4.4262,4.4148,4.4256,14124
2056-11-01,4.4334,4.4412,4.4286,4.4298,43932
2056-11-02,4.4172,4.4238,4.4136,4.419,28002
2056-11-03,4.419,4.4208,4.4166,4.419,11748
2056-11-04,4.4244,4.428,4.416,4.4172,11292
2056-11-05,4.4088,4.4088,4.395,4.398,79218
2056-11-06,4.398,4.4028,4.3926,4.3944,39354
2056-11-07,4.4022,4.4052,4.3926,4.3956,16620
2056-11-08,4.3884,4.3932,4.386,4.3878,22146
2056-11-09,4.3932,4.3938,4.3746,4.3794,58620
2056-11-10,4.377,4.3782,4.3584,4.3668,52956
2056-11-11,4.362,4.3728,4.359,4.365,19800
2056-11-12,4.365,4.3656,4.3512,4.356,20748
2056-11-13,4.3536,4.3608,4.3488,4.3524,56670
2056-11-14,4.3536,4.3668,4.35,4.359,28758
2056-11-15,4.3614,4.3686,4.3554,4.3566,33882
2056-11-16,4.3584,4.3812,4.3584,4.3788,56868
2056-11-17,4.3752,4.3764,4.3692,4.3734,26892
2056-11-18,4.3674,4.3734,4.3668,4.3698,21498
2056-11-19,4.362,4.3632,4.3398,4.3416,92808
2056-11-20,4.341,4.3452,4.3362,4.3434,37578
2056-11-21,4.3356,4.3434,4.3308,4.3362,70374
2056-11-22,4.3326,4.3332,4.3236,4.326,61644
2056-11-23,4.326,4.3344,4.3242,4.3242,26856
2056-11-24,4.3164,4.3302,4.3152,4.3302,21960
2056-11-25,4.3272,4.3308,4.3194,4.3224,14436
2056-11-26,4.3266,4.329,4.3068,4.3092,16884
2056-11-27,4.3098,4.3116,4.3014,4.3026,10860
2056-11-28,4.3044,4.3068,4.293,4.3008,14382
2056-11-29,4.2936,4.2954,4.2816,4.284,27936
2056-11-30,4.2822,4.2882,4.2822,4.284,8238
2056-12-01,4.2846,4.2846,4.2792,4.2798,6630
2056-12-02,4.269,4.2768,4.266,4.2726,23982
2056-12-03,4.2654,4.2696,4.2528,4.257,64590
2056-12-04,4.2684,4.2804,4.2618,4.2768,23508
2056-12-05,4.2906,4.2906,4.2612,4.2654,36894
2056-12-06,4.2624,4.2798,4.2624,4.278,29040
2056-12-07,4.2732,4.2852,4.2678,4.2798,22554
2056-12-08,4.2852,4.2876,4.2762,4.2834,13926
2056-12-09,4.275,4.2768,4.257,4.2588,37422
2056-12-10,4.2564,4.2618,4.2366,4.2468,44400
2056-12-11,4.2408,4.2468,4.236,4.2444,24198
2056-12-12,4.2258,4.2336,4.2138,4.2192,42294
2056-12-13,4.2228,4.2558,4.2228,4.2474,54768
2056-12-14,4.248,4.2504,4.236,4.2414,22482
2056-12-15,4.2036,4.227,4.2036,4.2216,51186
2056-12-16,4.1982,4.215,4.1952,4.2138,41502
2056-12-17,4.2198,4.2216,4.1952,4.2024,33198
2056-12-18,4.197,4.212,4.1898,4.203,34536
2056-12-19,4.2174,4.2192,4.203,4.2186,26352
2056-12-20,4.2258,4.2348,4.2168,4.2288,31728
2056-12-21,4.2228,4.239,4.2198,4.2342,20658
2056-12-22,4.2336,4.2426,4.2252,4.2348,17040
2056-12-23,4.2288,4.2396,4.2276,4.2324,15324
2056-12-24,4.2384,4.2384,4.215,4.2186,30978
2056-12-25,4.2186,4.2588,4.2162,4.2522,94392
2056-12-26,4.2516,4.2672,4.2438,4.257,35874
2056-12-27,4.2594,4.2654,4.2546,4.2606,32808
2056-12-28,4.2672,4.2816,4.266,4.2792,42750
2056-12-29,4.281,4.299,4.281,4.2942,96138
2056-12-30,4.2942,4.299,4.2858,4.2876,45726
2056-12-31,4.2876,4.2996,4.2798,4.2912,45810
2057-01-01,4.2852,4.2894,4.2792,4.2864,23592
2057-01-02,4.272,4.2774,4.2678,4.275,24114
2057-01-03,4.269,4.2786,4.266,4.2744,31590
2057-01-04,4.2852,4.287,4.272,4.2744,24186
2057-01-05,4.2702,4.2762,4.2618,4.266,25824
2057-01-06,4.254,4.269,4.239,4.2468,60966
2057-01-07,4.2408,4.2714,4.2396,4.269,38100
2057-01-08,4.2846,4.2942,4.2756,4.2768,52266
2057-01-09,4.2846,4.2954,4.2822,4.287,30126
2057-01-10,4.3014,4.308,4.2948,4.3014,29136
2057-01-11,4.3038,4.3098,4.2936,4.3086,24390
2057-01-12,4.2882,4.299,4.2798,4.2936,28602
2057-01-13,4.317,4.3176,4.3014,4.3098,33312
2057-01-14,4.3002,4.3038,4.2924,4.2978,33600
2057-01-15,4.284,4.287,4.2618,4.272,66642
2057-01-16,4.281,4.2876,4.26,4.2636,49512
2057-01-17,4.2402,4.2414,4.2252,4.2336,81066
2057-01-18,4.2234,4.2294,4.212,4.2258,34260
2057-01-19,4.2636,4.2678,4.2462,4.2522,18426
2057-01-20,4.2522,4.254,4.236,4.2504,40422
2057-01-21,4.2654,4.2732,4.254,4.266,11994
2057-01-22,4.2528,4.2558,4.2378,4.2396,4680
2057-01-23,4.236,4.248,4.2348,4.2402,1584
2057-01-24,4.2282,4.2294,4.2138,4.2258,26562
2057-01-25,4.215,4.224,4.2108,4.221,17712
2057-01-26,4.2132,4.2354,4.1988,4.2282,41406
2057-01-27,4.236,4.2492,4.2336,4.2456,25386
2057-01-28,4.239,4.266,4.2348,4.2594,46830
2057-01-29,4.2408,4.2486,4.239,4.2414,17400
2057-01-30,4.2504,4.266,4.2498,4.2618,26646
2057-01-31,4.2708,4.2744,4.2606,4.2702,25182
2057-02-01,4.2588,4.2618,4.2516,4.2552,14970
2057-02-02,4.251,4.2606,4.2504,4.2546,13374
2057-02-03,4.2792,4.281,4.2636,4.2702,25416
2057-02-04,4.26,4.2768,4.254,4.2726,23316
2057-02-05,4.263,4.2744,4.2594,4.2726,14970
2057-02-06,4.2804,4.299,4.2756,4.2912,62742
2057-02-07,4.2882,4.3014,4.2876,4.2924,59532
2057-02-08,4.2936,4.3062,4.2912,4.3032,28218
2057-02-09,4.3002,4.302,4.293,4.2972,22764
2057-02-10,4.32,4.338,4.3152,4.3362,82224
2057-02-11,4.3428,4.3434,4.3176,4.3212,38466
2057-02-12,4.329,4.3476,4.32,4.3398,31452
2057-02-13,4.3482,4.3578,4.3416,4.353,25542
2057-02-14,4.3662,4.3872,4.3656,4.3758,32478
2057-02-15,4.3668,4.3758,4.3632,4.3674,16296
2057-02-16,4.3638,4.365,4.353,4.3542,19812
2057-02-17,4.3692,4.3722,4.359,4.368,17256
2057-02-18,4.374,4.3782,4.362,4.3644,15456
2057-02-19,4.3626,4.3914,4.3602,4.38,30942
2057-02-20,4.3902,4.3902,4.3758,4.3824,22308
2057-02-21,4.389,4.3956,4.3848,4.3908,14460
2057-02-22,4.3866,4.3938,4.3818,4.3896,9114
2057-02-23,4.392,4.4136,4.3914,4.4082,25134
2057-02-24,4.4154,4.4196,4.4064,4.4142,19692
2057-02-25,4.413,4.4142,4.407,4.4094,24924
2057-02-26,4.404,4.4052,4.3848,4.3938,32328
2057-02-27,4.3944,4.3962,4.3872,4.3938,19254
2057-02-28,4.4196,4.4298,4.4196,4.4256,42126
2057-03-01,4.4184,4.4196,4.4082,4.4166,21690
2057-03-02,4.4142,4.425,4.4076,4.4082,26838
2057-03-03,4.4112,4.4274,4.4016,4.422,27126
2057-03-04,4.4274,4.44,4.425,4.4358,30570
2057-03-05,4.4256,4.431,4.4148,4.4286,26016
2057-03-06,4.4202,4.4202,4.4016,4.4088,36426
2057-03-07,4.4016,4.4214,4.401,4.4148,31896
2057-03-08,4.4106,4.4268,4.4064,4.4244,32094
2057-03-09,4.41,4.425,4.41,4.4226,14628
2057-03-10,4.41,4.4118,4.377,4.3776,66786
2057-03-11,4.38,4.395,4.3782,4.392,29772
2057-03-12,4.392,4.3968,4.386,4.3908,21558
2057-03-13,4.3842,4.389,4.3728,4.3734,37548
2057-03-14,4.3716,4.3734,4.3632,4.365,24078
2057-03-15,4.3818,4.3842,4.3686,4.3704,38850
2057-03-16,4.371,4.3836,4.3662,4.374,18018
2057-03-17,4.3674,4.3734,4.3578,4.3674,23586
2057-03-18,4.3722,4.374,4.347,4.3524,40236
2057-03-19,4.3518,4.362,4.3506,4.353,29910
2057-03-20,4.3494,4.3536,4.3392,4.3398,41436
2057-03-21,4.3398,4.3482,4.3398,4.3458,21108
2057-03-22,4.353,4.3722,4.3524,4.3692,37110
2057-03-23,4.3644,4.371,4.3536,4.3548,20160
2057-03-24,4.3452,4.3506,4.3452,4.3488,49590
2057-03-25,4.3464,4.3464,4.332,4.338,39006
2057-03-26,4.3482,4.3512,4.3368,4.3428,18906
2057-03-27,4.362,4.3668,4.3482,4.3506,16284
2057-03-28,4.3458,4.3488,4.338,4.3386,12522
2057-03-29,4.338,4.3464,4.3368,4.344,3804
2057-03-30,4.3314,4.3476,4.3296,4.3416,24576
2057-03-31,4.3506,4.3554,4.344,4.3488,20994
2057-04-01,4.344,4.3596,4.3434,4.3566,32850
2057-04-02,4.3602,4.365,4.3554,4.359,30930
2057-04-03,4.3608,4.3704,4.3596,4.3614,27756
2057-04-04,4.359,4.3632,4.353,4.3548,16086
2057-04-05,4.3506,4.359,4.3494,4.3554,14082
2057-04-06,4.3536,4.3572,4.3482,4.3536,12240
2057-04-07,4.3494,4.3656,4.347,4.3632,30786
2057-04-08,4.3716,4.3782,4.3692,4.3758,29130
2057-04-09,4.3746,4.3824,4.3704,4.3812,15558
2057-04-10,4.3938,4.4064,4.3914,4.4058,57492
2057-04-11,4.4268,4.449,4.425,4.431,116670
2057-04-12,4.4298,4.4298,4.4166,4.4286,26790
2057-04-13,4.4274,4.428,4.4154,4.4232,20022
2057-04-14,4.431,4.4346,4.3914,4.3956,45210
2057-04-15,4.41,4.4184,4.404,4.413,20874
2057-04-16,4.4172,4.4238,4.4172,4.4226,26598
2057-04-17,4.4022,4.4142,4.3992,4.404,33156
2057-04-18,4.3962,4.4076,4.3818,4.3896,48144
2057-04-19,4.4064,4.4136,4.4034,4.4082,29076
2057-04-20,4.413,4.419,4.4112,4.4184,19830
2057-04-21,4.4142,4.4238,4.4136,4.4226,19986
2057-04-22,4.416,4.4166,4.4076,4.4124,21000
2057-04-23,4.4052,4.41,4.3998,4.4076,21288
2057-04-24,4.3932,4.3986,4.3872,4.389,38460
2057-04-25,4.3716,4.386,4.3572,4.3824,100182
2057-04-26,4.3896,4.3896,4.3746,4.383,29292
2057-04-27,4.4004,4.422,4.3974,4.4172,41760
2057-04-28,4.4154,4.4154,4.4076,4.4112,21996
2057-04-29,4.4184,4.4274,4.4124,4.4154,24660
2057-04-30,4.428,4.4328,4.416,4.4214,29118
2057-05-01,4.4238,4.428,4.4136,4.416,13926
2057-05-02,4.4058,4.4124,4.401,4.4124,15036
2057-05-03,4.4172,4.4226,4.4076,4.4082,21240
2057-05-04,4.422,4.4226,4.404,4.4106,18336
2057-05-05,4.4064,4.407,4.3956,4.4034,26196
2057-05-06,4.416,4.428,4.4028,4.4094,37062
2057-05-07,4.4094,4.416,4.4016,4.413,18924
2057-05-08,4.4124,4.416,4.4046,4.407,17832
2057-05-09,4.4166,4.4184,4.41,4.4148,11940
2057-05-10,4.413,4.416,4.4112,4.413,9006
2057-05-11,4.4166,4.4238,4.416,4.4202,17586
2057-05-12,4.4178,4.4184,4.4142,4.4166,32364
2057-05-13,4.4178,4.437,4.4106,4.434,49998
2057-05-14,4.4574,4.4652,4.4508,4.4586,93792
2057-05-15,4.4598,4.4832,4.4568,4.482,61674
2057-05-16,4.4688,4.482,4.4664,4.4754,54270
2057-05-17,4.4892,4.4964,4.4742,4.4754,44712
2057-05-18,4.4694,4.4724,4.4598,4.4676,19272
2057-05-19,4.464,4.4718,4.4634,4.464,20880
2057-05-20,4.4736,4.4748,4.4658,4.4712,18138
2057-05-21,4.491,4.4922,4.4772,4.488,29214
2057-05-22,4.4916,4.4928,4.4664,4.4712,64848
2057-05-23,4.4622,4.4772,4.4574,4.4742,56880
2057-05-24,4.4676,4.4736,4.4622,4.4664,85452
2057-05-25,4.4544,4.4634,4.449,4.4538,99012
2057-05-26,4.437,4.4424,4.41,4.413,48300
2057-05-27,4.3956,4.3992,4.3644,4.3776,36048
2057-05-28,4.398,4.401,4.3818,4.392,14064
2057-05-29,4.3908,4.41,4.3848,4.4028,3198
2057-05-30,4.4082,4.4082,4.398,4.401,8550
2057-05-31,4.4118,4.4208,4.4016,4.416,37722
2057-06-01,4.422,4.4382,4.4202,4.437,30048
2057-06-02,4.4472,4.461,4.4466,4.4532,26826
2057-06-03,4.4472,4.4538,4.4442,4.4532,15642
2057-06-04,4.4538,4.4538,4.434,4.4418,25620
2057-06-05,4.428,4.437,4.4274,4.434,17088
2057-06-06,4.4394,4.4712,4.4382,4.4664,65076
2057-06-07,4.4814,4.4868,4.4718,4.4844,46554
2057-06-08,4.5084,4.518,4.5018,4.506,81840
2057-06-09,4.4976,4.506,4.494,4.4976,50676
2057-06-10,4.488,4.4922,4.4808,4.485,29346
2057-06-11,4.4868,4.509,4.4856,4.5042,40278
2057-06-12,4.4952,4.4958,4.4832,4.488,23808
2057-06-13,4.482,4.4928,4.4718,4.4868,34998
2057-06-14,4.476,4.4898,4.4754,4.4862,18306
2057-06-15,4.4718,4.4862,4.467,4.482,26772
2057-06-16,4.4928,4.4934,4.4712,4.476,21942
2057-06-17,4.4772,4.4874,4.4754,4.485,17490
2057-06-18,4.4832,4.4862,4.4766,4.4802,17478
2057-06-19,4.4754,4.4814,4.4706,4.4766,14844
2057-06-20,4.4772,4.4898,4.4718,4.473,35880
2057-06-21,4.4562,4.4568,4.4262,4.434,133104
2057-06-22,4.4046,4.4058,4.3512,4.3704,135744
2057-06-23,4.3572,4.389,4.335,4.3806,103356
2057-06-24,4.3704,4.392,4.3638,4.38,50400
2057-06-25,4.3848,4.392,4.3686,4.3722,43194
2057-06-26,4.3578,4.4004,4.3458,4.3956,76086
2057-06-27,4.3914,4.4286,4.3884,4.398,57084
2057-06-28,4.491,4.4922,4.452,4.4664,135282
2057-06-29,4.4562,4.4622,4.4472,4.4532,34362
2057-06-30,4.4454,4.4736,4.437,4.4664,51966
2057-07-01,4.467,4.467,4.4478,4.4586,35370
2057-07-02,4.4508,4.4526,4.4334,4.4358,41826
2057-07-03,4.4226,4.4262,4.413,4.4172,42300
2057-07-04,4.4214,4.4316,4.4136,4.4256,26346
2057-07-05,4.4274,4.4394,4.4202,4.437,18504
2057-07-06,4.4424,4.4442,4.4334,4.4382,13410
2057-07-07,4.4412,4.4502,4.4376,4.4424,13974
2057-07-08,4.4328,4.4394,4.4262,4.4334,14532
2057-07-09,4.4154,4.4322,4.4154,4.4304,16584
2057-07-10,4.431,4.434,4.4238,4.4286,11778
2057-07-11,4.4238,4.443,4.4196,4.4352,26898
2057-07-12,4.4376,4.4394,4.434,4.4394,15924
2057-07-13,4.4406,4.455,4.4316,4.4346,39708
2057-07-14,4.4334,4.4358,4.428,4.4346,10518
2057-07-15,4.437,4.4406,4.4334,4.434,10032
2057-07-16,4.4268,4.431,4.4184,4.4196,17130
2057-07-17,4.4172,4.4208,4.4052,4.4196,60858
2057-07-18,4.4226,4.431,4.4106,4.4166,28770
2057-07-19,4.4046,4.4052,4.3878,4.392,42726
2057-07-20,4.392,4.3974,4.3872,4.3884,22236
2057-07-21,4.3854,4.395,4.3848,4.3926,16086
2057-07-22,4.3944,4.398,4.3914,4.395,21306
2057-07-23,4.3932,4.395,4.3806,4.3812,23016
2057-07-24,4.3788,4.3812,4.359,4.3602,50508
2057-07-25,4.356,4.356,4.341,4.3434,70746
2057-07-26,4.359,4.365,4.3506,4.3572,55056
2057-07-27,4.3638,4.3656,4.3572,4.3596,22368
2057-07-28,4.368,4.3692,4.362,4.3656,26520
2057-07-29,4.3632,4.3692,4.3596,4.3686,19980
2057-07-30,4.3698,4.3716,4.3548,4.356,6936
2057-07-31,4.374,4.3902,4.3692,4.3872,34590
2057-08-01,4.3968,4.416,4.392,4.4034,103698
2057-08-02,4.3968,4.407,4.395,4.4052,13632
2057-08-03,4.413,4.4208,4.41,4.416,15444
2057-08-04,4.416,4.416,4.4052,4.407,13464
2057-08-05,4.404,4.41,4.3926,4.3986,15894
2057-08-06,4.407,4.4298,4.407,4.425,41736
2057-08-07,4.431,4.4388,4.425,4.4358,39672
2057-08-08,4.4388,4.4406,4.4268,4.4292,27210
2057-08-09,4.4136,4.4262,4.4058,4.4178,24522
2057-08-10,4.4028,4.4034,4.386,4.395,50238
2057-08-11,4.3902,4.4028,4.3896,4.3962,24444
2057-08-12,4.4052,4.407,4.3998,4.4034,18684
